driver_name,wins,win_rate,avg_points
Lewis Hamilton,105,0.2949438202247191,13.540730337078651
Michael Schumacher,91,0.29545454545454547,5.084415584415584
Max Verstappen,63,0.3014354066985646,13.935406698564593
Sebastian Vettel,53,0.17666666666666667,10.326666666666666
Alain Prost,51,0.2524752475247525,3.952970297029703
Ayrton Senna,41,0.25308641975308643,3.7901234567901234
Fernando Alonso,32,0.07920792079207921,5.764851485148514
Nigel Mansell,31,0.16145833333333334,2.5104166666666665
Jackie Stewart,27,0.27,3.6
Niki Lauda,25,0.14367816091954022,2.4166666666666665
Jim Clark,25,0.3424657534246575,3.7534246575342465
Juan Fangio,24,0.41379310344827586,4.812758620689655
Nelson Piquet,23,0.1111111111111111,2.345410628019324
Nico Rosberg,23,0.11165048543689321,7.740291262135922
Damon Hill,22,0.18032786885245902,2.9508196721311477
Kimi Räikkönen,21,0.05965909090909091,5.3210227272727275
Mika Häkkinen,20,0.12121212121212122,2.5454545454545454
Stirling Moss,16,0.2191780821917808,2.5547945205479454
Jenson Button,15,0.04854368932038835,3.9967637540453076
Graham Hill,14,0.0782122905027933,1.6145251396648044
Jack Brabham,14,0.10852713178294573,2.0232558139534884
Emerson Fittipaldi,14,0.09395973154362416,1.8859060402684564
David Coulthard,13,0.05263157894736842,2.165991902834008
Alberto Ascari,13,0.3611111111111111,3.888888888888889
Carlos Reutemann,12,0.0821917808219178,2.1232876712328768
Alan Jones,12,0.10256410256410256,1.7606837606837606
Mario Andretti,12,0.09302325581395349,1.3953488372093024
Rubens Barrichello,11,0.03374233128834356,2.01840490797546
Jacques Villeneuve,11,0.06666666666666667,1.4242424242424243
Felipe Massa,11,0.04059040590405904,4.306273062730627
Ronnie Peterson,10,0.08130081300813008,1.6747967479674797
James Hunt,10,0.10752688172043011,1.924731182795699
Jody Scheckter,10,0.08849557522123894,2.256637168141593
Gerhard Berger,10,0.047619047619047616,1.8333333333333333
Valtteri Bottas,10,0.04048582995951417,7.238866396761134
Mark Webber,9,0.041474654377880185,4.8271889400921655
Denny Hulme,8,0.07142857142857142,2.2142857142857144
Jacky Ickx,8,0.06611570247933884,1.4958677685950412
Charles Leclerc,8,0.053691275167785234,9.14765100671141
Daniel Ricciardo,8,0.0311284046692607,5.136186770428016
René Arnoux,7,0.042682926829268296,1.103658536585366
Juan Pablo Montoya,7,0.07368421052631578,3.231578947368421
Ralf Schumacher,6,0.03333333333333333,1.8277777777777777
Tony Brooks,6,0.14634146341463414,1.829268292682927
Jacques Laffite,6,0.03333333333333333,1.2666666666666666
Riccardo Patrese,6,0.023346303501945526,1.093385214007782
John Surtees,6,0.05357142857142857,1.6071428571428572
Sergio Pérez,6,0.02120141342756184,5.6007067137809186
Jochen Rindt,6,0.0967741935483871,1.7580645161290323
Gilles Villeneuve,6,0.08823529411764706,1.5735294117647058
Clay Regazzoni,5,0.036231884057971016,1.536231884057971
Michele Alboreto,5,0.023255813953488372,0.8674418604651163
John Watson,5,0.032467532467532464,1.0974025974025974
Nino Farina,5,0.13513513513513514,3.441351351351351
Keke Rosberg,5,0.0390625,1.24609375
Dan Gurney,4,0.04597701149425287,1.528735632183908
Eddie Irvine,4,0.027210884353741496,1.2993197278911566
Bruce McLaren,4,0.038834951456310676,1.9077669902912622
Carlos Sainz,4,0.019230769230769232,5.7860576923076925
Lando Norris,4,0.03125,7.421875
Thierry Boutsen,3,0.018292682926829267,0.8048780487804879
Johnny Herbert,3,0.01818181818181818,0.593939393939394
Giancarlo Fisichella,3,0.012987012987012988,1.1904761904761905
Phil Hill,3,0.057692307692307696,1.8846153846153846
Heinz-Harald Frentzen,3,0.018867924528301886,1.0943396226415094
George Russell,3,0.0234375,5.1875
Mike Hawthorn,3,0.0625,2.6591666666666667
Didier Pironi,3,0.041666666666666664,1.4027777777777777
Peter Collins,3,0.08108108108108109,1.2702702702702702
Patrick Depailler,2,0.021052631578947368,1.4842105263157894
Peter Revson,2,0.06451612903225806,1.967741935483871
Jean-Pierre Jabouille,2,0.03636363636363636,0.38181818181818183
Wolfgang von Trips,2,0.07142857142857142,2.0
Maurice Trintignant,2,0.022988505747126436,0.8313793103448276
Jo Siffert,2,0.02,0.68
Pedro Rodríguez,2,0.037037037037037035,1.3148148148148149
Bill Vukovich,2,0.4,3.8
José Froilán González,2,0.06896551724137931,2.677241379310345
Elio de Angelis,2,0.01818181818181818,1.1090909090909091
Patrick Tambay,2,0.01639344262295082,0.8442622950819673
Oscar Piastri,2,0.043478260869565216,7.543478260869565
Rodger Ward,1,0.08333333333333333,1.1666666666666667
Carlos Pace,1,0.0136986301369863,0.7945205479452054
Jim Rathmann,1,0.08333333333333333,2.4166666666666665
Peter Gethin,1,0.03333333333333333,0.36666666666666664
Jean Alesi,1,0.0049504950495049506,1.193069306930693
Jo Bonnier,1,0.009174311926605505,0.3577981651376147
Olivier Panis,1,0.006329113924050633,0.4810126582278481
Jarno Trulli,1,0.00390625,0.962890625
Innes Ireland,1,0.01818181818181818,0.8545454545454545
Pat Flaherty,1,0.16666666666666666,1.3333333333333333
Jean-Pierre Beltoise,1,0.011494252873563218,0.8850574712643678
Jochen Mass,1,0.008771929824561403,0.6228070175438597
Vittorio Brambilla,1,0.01282051282051282,0.1987179487179487
Gunnar Nilsson,1,0.03125,0.96875
Jimmy Bryan,1,0.1111111111111111,2.0
Alessandro Nannini,1,0.012987012987012988,0.8441558441558441
Richie Ginther,1,0.018518518518518517,1.9814814814814814
Lorenzo Bandini,1,0.022727272727272728,1.3181818181818181
Giancarlo Baghetti,1,0.038461538461538464,0.5384615384615384
Heikki Kovalainen,1,0.008928571428571428,0.9375
Robert Kubica,1,0.010101010101010102,2.7676767676767677
Pierre Gasly,1,0.006493506493506494,2.7662337662337664
Ludovico Scarfiotti,1,0.07692307692307693,1.3076923076923077
Pastor Maldonado,1,0.010416666666666666,0.7916666666666666
Piero Taruffi,1,0.05555555555555555,2.2777777777777777
François Cevert,1,0.02127659574468085,1.8936170212765957
Esteban Ocon,1,0.00641025641025641,2.8205128205128207
Bob Sweikert,1,0.2,1.6
Johnnie Parsons,1,0.1,1.2
Troy Ruttman,1,0.1111111111111111,1.0555555555555556
Sam Hanks,1,0.1111111111111111,2.2222222222222223
Luigi Musso,1,0.038461538461538464,1.6923076923076923
Luigi Fagioli,1,0.125,4.0
Lee Wallard,1,0.5,4.5
Cliff Allison,0,0.0,0.6111111111111112
Don Branson,0,0.0,1.5
Jimmy Daywalt,0,0.0,0.0
Trevor Taylor,0,0.0,0.27586206896551724
Alessandro de Tomaso,0,0.0,0.0
George Constantine,0,0.0,0.0
Arturo Merzario,0,0.0,0.13095238095238096
Rikky von Opel,0,0.0,0.0
Ingo Hoffmann,0,0.0,0.0
Harald Ertl,0,0.0,0.0
Alessandro Pesenti-Rossi,0,0.0,0.0
Masahiro Hasemi,0,0.0,0.0
Derek Warwick,0,0.0,0.4382716049382716
Alex Caffi,0,0.0,0.08
Piercarlo Ghinzani,0,0.0,0.018018018018018018
Yannick Dalmas,0,0.0,0.0
Emanuele Pirro,0,0.0,0.075
Jyrki Järvilehto,0,0.0,0.14285714285714285
Jos Verstappen,0,0.0,0.1588785046728972
Tarso Marques,0,0.0,0.0
André Testut,0,0.0,0.0
Pete Lovely,0,0.0,0.0
Eddie Johnson,0,0.0,0.1111111111111111
Eddie Sachs,0,0.0,0.0
Anthony Foyt,0,0.0,0.0
Len Sutton,0,0.0,0.0
Bobby Grim,0,0.0,0.0
Carroll Shelby,0,0.0,0.0
Keith Greene,0,0.0,0.0
Mário de Araújo Cabral,0,0.0,0.0
Giulio Cabianca,0,0.0,0.75
Tom Belsø,0,0.0,0.0
Gijs van Lennep,0,0.0,0.2222222222222222
Dieter Quester,0,0.0,0.0
Carlo Facetti,0,0.0,0.0
Eppie Wietzes,0,0.0,0.0
Emilio de Villota,0,0.0,0.0
Patrick Nève,0,0.0,0.0
Divina Galica,0,0.0,0.0
Otto Stuppacher,0,0.0,0.0
Alex Ribeiro,0,0.0,0.0
Eddie Cheever,0,0.0,0.48951048951048953
Gregor Foitek,0,0.0,0.0
Bernd Schneider,0,0.0,0.0
Ricardo Rosset,0,0.0,0.0
Andrea Montermini,0,0.0,0.0
Jean Behra,0,0.0,0.8947368421052632
Lucien Bianchi,0,0.0,0.3157894736842105
Ivor Bueb,0,0.0,0.0
Tony Bettenhausen,0,0.0,0.8461538461538461
Paul Goldsmith,0,0.0,2.0
Paul Russo,0,0.0,0.9444444444444444
Bill Moss,0,0.0,0.0
Henry Taylor,0,0.0,0.3
Bob Said,0,0.0,0.0
Mike Hailwood,0,0.0,0.5686274509803921
Jean-Pierre Jarier,0,0.0,0.2202797202797203
Eddie Keizan,0,0.0,0.0
Leo Kinnunen,0,0.0,0.0
Reine Wisell,0,0.0,0.5652173913043478
David Purley,0,0.0,0.0
Lella Lombardi,0,0.0,0.029411764705882353
Rolf Stommelen,0,0.0,0.22950819672131148
Nicola Larini,0,0.0,0.09333333333333334
Martin Donnelly,0,0.0,0.0
Nick Heidfeld,0,0.0,1.4076086956521738
Marc Gené,0,0.0,0.1388888888888889
Harry Schell,0,0.0,0.5
Alain de Changy,0,0.0,0.0
Red Amick,0,0.0,0.0
Ray Crawford,0,0.0,0.0
Johnny Boyd,0,0.0,0.6666666666666666
Mike Taylor,0,0.0,0.0
David Piper,0,0.0,0.0
Tim Parnell,0,0.0,0.0
Brian Naylor,0,0.0,0.0
Paddy Driver,0,0.0,0.0
Ian Scheckter,0,0.0,0.0
Dave Charlton,0,0.0,0.0
Chris Amon,0,0.0,0.7830188679245284
Gérard Larrousse,0,0.0,0.0
José Dolhem,0,0.0,0.0
David Hobbs,0,0.0,0.0
Damien Magee,0,0.0,0.0
Kazuyoshi Hoshino,0,0.0,0.0
Pierluigi Martini,0,0.0,0.14634146341463414
Martin Brundle,0,0.0,0.593939393939394
Andrea de Cesaris,0,0.0,0.2757009345794392
Stefano Modena,0,0.0,0.20987654320987653
Pierre-Henri Raphanel,0,0.0,0.0
Mika Salo,0,0.0,0.2972972972972973
Giovanni Lavaggi,0,0.0,0.0
Christian Klien,0,0.0,0.27450980392156865
Cristiano da Matta,0,0.0,0.4642857142857143
Johnny Thomson,0,0.0,1.1111111111111112
Al Herman,0,0.0,0.0
Jud Larson,0,0.0,0.0
Bill Cheesbourg,0,0.0,0.0
Bob Christie,0,0.0,0.0
Chuck Arnold,0,0.0,0.0
Bob Veith,0,0.0,0.0
Gene Hartley,0,0.0,0.0
Jack Turner,0,0.0,0.0
Chuck Weyant,0,0.0,0.0
Colin Davis,0,0.0,0.0
Peter Ashdown,0,0.0,0.0
Mike Parkes,0,0.0,2.0
Alan Stacey,0,0.0,0.0
Dennis Taylor,0,0.0,0.0
Tim Schenken,0,0.0,0.19444444444444445
Teddy Pilette,0,0.0,0.0
Vern Schuppan,0,0.0,0.0
Larry Perkins,0,0.0,0.0
Helmuth Koinigg,0,0.0,0.0
Renzo Zorzi,0,0.0,0.14285714285714285
Tony Trimmer,0,0.0,0.0
Stefan Johansson,0,0.0,0.8543689320388349
Christian Danner,0,0.0,0.0851063829787234
Jonathan Palmer,0,0.0,0.1590909090909091
Olivier Grouillard,0,0.0,0.016129032258064516
Philippe Alliot,0,0.0,0.06086956521739131
Luis Pérez-Sala,0,0.0,0.03125
Joachim Winkelhock,0,0.0,0.0
Gabriele Tarquini,0,0.0,0.01282051282051282
Paolo Barilla,0,0.0,0.0
Ukyo Katayama,0,0.0,0.05154639175257732
Timo Glock,0,0.0,0.5368421052631579
Giorgio Scarlatti,0,0.0,0.06666666666666667
Bruce Halford,0,0.0,0.0
Al Keller,0,0.0,0.0
Mike Magill,0,0.0,0.0
Dick Rathmann,0,0.0,0.4
Olivier Gendebien,0,0.0,1.0588235294117647
Fritz d'Orey,0,0.0,0.0
Ian Burgess,0,0.0,0.0
Chris Bristow,0,0.0,0.0
Harry Blanchard,0,0.0,0.0
Henri Pescarolo,0,0.0,0.2033898305084746
Richard Robarts,0,0.0,0.0
François Migault,0,0.0,0.0
Brian Redman,0,0.0,0.6153846153846154
Tom Pryce,0,0.0,0.4523809523809524
Michel Leclère,0,0.0,0.0
Emilio Zapico,0,0.0,0.0
Jac Nelleman,0,0.0,0.0
Maurício Gugelmin,0,0.0,0.125
Satoru Nakajima,0,0.0,0.2
Bertrand Gachot,0,0.0,0.05952380952380952
Ivan Capelli,0,0.0,0.3163265306122449
Pedro Lamy,0,0.0,0.03125
Gianmaria Bruni,0,0.0,0.0
Ricardo Zonta,0,0.0,0.07894736842105263
Masten Gregory,0,0.0,0.45652173913043476
Roy Salvadori,0,0.0,0.37254901960784315
Jean Lucienbonnet,0,0.0,0.0
Duane Carter,0,0.0,0.65
Jim McWithey,0,0.0,0.0
Azdrubal Fontes,0,0.0,0.0
Hans Herrmann,0,0.0,0.5
Hans-Joachim Stuck,0,0.0,0.35802469135802467
Guy Edwards,0,0.0,0.0
Derek Bell,0,0.0,0.07142857142857142
John Nicholson,0,0.0,0.0
Mike Wilds,0,0.0,0.0
Loris Kessel,0,0.0,0.0
Boy Lunger,0,0.0,0.0
Warwick Brown,0,0.0,0.0
Noritake Takahara,0,0.0,0.0
Volker Weidler,0,0.0,0.0
Aguri Suzuki,0,0.0,0.09090909090909091
Enrico Bertaggia,0,0.0,0.0
Pedro Diniz,0,0.0,0.10101010101010101
Luca Badoer,0,0.0,0.0
Zsolt Baumgartner,0,0.0,0.05
Ron Flockhart,0,0.0,0.3333333333333333
Maria de Filippis,0,0.0,0.0
Don Freeland,0,0.0,0.5
Carel Godin de Beaufort,0,0.0,0.12903225806451613
Jack Fairman,0,0.0,0.38461538461538464
Phil Cade,0,0.0,0.0
Howden Ganley,0,0.0,0.2564102564102564
Bertil Roos,0,0.0,0.0
Ian Ashley,0,0.0,0.0
Mark Donohue,0,0.0,0.5333333333333333
Brett Lunger,0,0.0,0.0
Bob Evans,0,0.0,0.0
Hans Binder,0,0.0,0.0
Conny Andersson,0,0.0,0.0
Roberto Moreno,0,0.0,0.20270270270270271
Éric Bernard,0,0.0,0.2127659574468085
Oscar Larrauri,0,0.0,0.0
Takuma Sato,0,0.0,0.4835164835164835
Giorgio Pantano,0,0.0,0.0
Antônio Pizzonia,0,0.0,0.4
Peter Arundell,0,0.0,0.8
André Pilette,0,0.0,0.13333333333333333
Gaetano Starrabba,0,0.0,0.0
Mike Spence,0,0.0,0.75
Hap Sharp,0,0.0,0.0
Claudio Langes,0,0.0,0.0
Érik Comas,0,0.0,0.1111111111111111
Michael Bartels,0,0.0,0.0
Pedro de la Rosa,0,0.0,0.32710280373831774
Yuji Ide,0,0.0,0.0
Robert Doornbos,0,0.0,0.0
Kazuki Nakajima,0,0.0,0.25
Will Stevens,0,0.0,0.0
Günther Seiffert,0,0.0,0.0
Walt Hansgen,0,0.0,0.5
David Prophet,0,0.0,0.0
David Brabham,0,0.0,0.0
Mark Blundell,0,0.0,0.5079365079365079
Julian Bailey,0,0.0,0.05
Karl Wendlinger,0,0.0,0.3333333333333333
Naoki Hattori,0,0.0,0.0
Daniil Kvyat,0,0.0,1.8035714285714286
Nico Hülkenberg,0,0.0,2.4478260869565216
Romain Grosjean,0,0.0,2.160220994475138
Antonio Giovinazzi,0,0.0,0.3387096774193548
Jim Hall,0,0.0,0.25
Nasif Estéfano,0,0.0,0.0
Kurt Kuhnke,0,0.0,0.0
Carlo Abate,0,0.0,0.0
Frank Dochnal,0,0.0,0.0
John Love,0,0.0,0.6
Trevor Blokdyk,0,0.0,0.0
Brausch Niemann,0,0.0,0.0
Frank Gardner,0,0.0,0.0
Vitantonio Liuzzi,0,0.0,0.32098765432098764
Franck Montagny,0,0.0,0.0
Kevin Magnussen,0,0.0,1.053763440860215
John Campbell-Jones,0,0.0,0.0
Roberto Lippi,0,0.0,0.0
Thomas Monarch,0,0.0,0.0
Moisés Solana,0,0.0,0.0
Doug Serrurier,0,0.0,0.0
Sam Tingle,0,0.0,0.0
Richard Attwood,0,0.0,0.6470588235294118
Edgar Barth,0,0.0,0.0
Gianni Morbidelli,0,0.0,0.12142857142857143
Bruno Giacomelli,0,0.0,0.17073170731707318
Gastón Mazzacane,0,0.0,0.0
Sébastien Bourdais,0,0.0,0.2222222222222222
Anthony Davidson,0,0.0,0.0
Marcus Ericsson,0,0.0,0.18556701030927836
Alexander Albon,0,0.0,2.2666666666666666
Tony Settember,0,0.0,0.0
Gerhard Mitter,0,0.0,0.6
Bob Anderson,0,0.0,0.3076923076923077
Alexander Wurz,0,0.0,0.6521739130434783
Alexander Rossi,0,0.0,0.0
Lance Stroll,0,0.0,1.7023809523809523
Peter Broeker,0,0.0,0.0
Peter de Klerk,0,0.0,0.0
Neville Lederle,0,0.0,0.3333333333333333
John Taylor,0,0.0,0.2
Giacomo Russo,0,0.0,0.0
Alessandro Zanardi,0,0.0,0.022727272727272728
Nelson Piquet Jr.,0,0.0,0.6785714285714286
Tony Maggs,0,0.0,0.9629629629629629
Willy Mairesse,0,0.0,0.5833333333333334
Bernard Collomb,0,0.0,0.0
Ernesto Brambilla,0,0.0,0.0
Ronnie Bucknum,0,0.0,0.18181818181818182
Eric van de Poele,0,0.0,0.0
Fabrizio Barbazza,0,0.0,0.1
Scott Speed,0,0.0,0.0
Sakon Yamamoto,0,0.0,0.0
Felipe Nasr,0,0.0,0.725
Ian Raby,0,0.0,0.0
Ernie de Vos,0,0.0,0.0
Ernie Pieterse,0,0.0,0.0
Gary Brabham,0,0.0,0.0
Pedro Chaves,0,0.0,0.0
Luciano Burti,0,0.0,0.0
Tiago Monteiro,0,0.0,0.1891891891891892
Christijan Albers,0,0.0,0.08695652173913043
Adrian Sutil,0,0.0,0.96875
Roberto Merhi,0,0.0,0.0
Robert Manzon,0,0.0,0.5517241379310345
Toulo de Graffenried,0,0.0,0.391304347826087
Prince Bira,0,0.0,0.42105263157894735
Jack McGrath,0,0.0,1.5
Henry Banks,0,0.0,0.0
Robert O'Brien,0,0.0,0.0
Helmut Niedermayr,0,0.0,0.0
Marcel Balsa,0,0.0,0.0
Theo Helfrich,0,0.0,0.0
Pat O'Connor,0,0.0,0.0
Louis Chiron,0,0.0,0.23529411764705882
Art Bisch,0,0.0,0.0
Billy Garrett,0,0.0,0.0
Jerry Unser,0,0.0,0.0
Luki Botha,0,0.0,0.0
Johnny Servoz-Gavin,0,0.0,0.75
Silvio Moser,0,0.0,0.16666666666666666
Mike Fisher,0,0.0,0.0
Jonathan Williams,0,0.0,0.0
Ricardo Zunino,0,0.0,0.0
Giovanna Amati,0,0.0,0.0
Sébastien Buemi,0,0.0,0.5272727272727272
Bruno Senna,0,0.0,0.717391304347826
Travis Webb,0,0.0,0.0
Bill Schindler,0,0.0,0.0
Cliff Griffith,0,0.0,0.0
George Fonder,0,0.0,0.0
Tony Gaze,0,0.0,0.0
Piero Carini,0,0.0,0.0
Ken Downing,0,0.0,0.0
Graham Whitehead,0,0.0,0.0
Eitel Cantoni,0,0.0,0.0
Adolf Brudes,0,0.0,0.0
Alfonso de Portago,0,0.0,0.6666666666666666
Johnnie Tolan,0,0.0,0.0
Elmer George,0,0.0,0.0
Herbert MacKay-Fraser,0,0.0,0.0
Tony Marsh,0,0.0,0.0
Dick Gibson,0,0.0,0.0
Jackie Pretorius,0,0.0,0.0
Skip Barber,0,0.0,0.0
Max Jean,0,0.0,0.0
Vic Elford,0,0.0,0.6153846153846154
Helmut Marko,0,0.0,0.0
Sam Posey,0,0.0,0.0
John Cannon,0,0.0,0.0
Ricardo Londoño,0,0.0,0.0
Christian Fittipaldi,0,0.0,0.27906976744186046
Paul Belmondo,0,0.0,0.0
Andrea Chiesa,0,0.0,0.0
Vitaly Petrov,0,0.0,1.103448275862069
Pascal Wehrlein,0,0.0,0.15384615384615385
Jolyon Palmer,0,0.0,0.24324324324324326
Max de Terra,0,0.0,0.0
Toni Ulmen,0,0.0,0.0
Manny Ayulo,0,0.0,0.5
Chuck Stevenson,0,0.0,0.0
Johnny McDowell,0,0.0,0.0
Arthur Legat,0,0.0,0.0
Johnny Claes,0,0.0,0.0
Duncan Hamilton,0,0.0,0.0
Felice Bonetto,0,0.0,1.0294117647058822
Josef Peters,0,0.0,0.0
Luigi Villoresi,0,0.0,1.4
Dries van der Lof,0,0.0,0.0
Paco Godia,0,0.0,0.42857142857142855
Ken Kavanagh,0,0.0,0.0
Shorty Templeman,0,0.0,0.0
Brian Hart,0,0.0,0.0
Roger Williamson,0,0.0,0.0
Hector Rebaque,0,0.0,0.22413793103448276
Derek Daly,0,0.0,0.234375
Brian Henton,0,0.0,0.0
Alan Brown,0,0.0,0.2222222222222222
Hans von Stuck,0,0.0,0.0
Chet Miller,0,0.0,0.0
Bob Scott,0,0.0,0.0
Eric Thompson,0,0.0,2.0
Kenneth McAlpine,0,0.0,0.0
Reg Parnell,0,0.0,1.2857142857142858
Ernst Klodwig,0,0.0,0.0
Rudolf Krause,0,0.0,0.0
Willi Heeks,0,0.0,0.0
Piero Dusio,0,0.0,0.0
Cesare Perdisa,0,0.0,0.5555555555555556
Horace Gould,0,0.0,0.1111111111111111
Umberto Maglioli,0,0.0,0.333
Gerino Gerini,0,0.0,0.21428571428571427
George Amick,0,0.0,6.0
Dempsey Wilson,0,0.0,0.0
Christian Goethals,0,0.0,0.0
Robert La Caze,0,0.0,0.0
Tom Bridger,0,0.0,0.0
François Picard,0,0.0,0.0
Jo Schlesser,0,0.0,0.0
John Miles,0,0.0,0.13333333333333333
Nanni Galli,0,0.0,0.0
David Walker,0,0.0,0.0
Jan Lammers,0,0.0,0.0
Slim Borgudd,0,0.0,0.06666666666666667
Perry McCarthy,0,0.0,0.0
Kamui Kobayashi,0,0.0,1.644736842105263
Paul di Resta,0,0.0,2.0508474576271185
Eric Brandon,0,0.0,0.0
Duke Nalon,0,0.0,0.0
George Connor,0,0.0,0.0
Tony Crook,0,0.0,0.0
Jan Flinterman,0,0.0,0.0
Alberto Crespo,0,0.0,0.0
Franco Rol,0,0.0,0.0
Luigi Piotti,0,0.0,0.0
Stuart Lewis-Evans,0,0.0,1.1428571428571428
Bruce Kessler,0,0.0,0.0
Chris Irwin,0,0.0,0.2
Guy Ligier,0,0.0,0.07692307692307693
Luiz Bueno,0,0.0,0.0
Graham McRae,0,0.0,0.0
Jaime Alguersuari,0,0.0,0.6739130434782609
Rio Haryanto,0,0.0,0.0
Stoffel Vandoorne,0,0.0,0.6190476190476191
Rudi Fischer,0,0.0,1.4285714285714286
Ken Wharton,0,0.0,0.1875
Louis Rosier,0,0.0,0.46153846153846156
Lance Macklin,0,0.0,0.0
Peter Hirt,0,0.0,0.0
Jim Rigsby,0,0.0,0.0
Paul Frère,0,0.0,1.0
Roger Laurent,0,0.0,0.0
Charles de Tornaco,0,0.0,0.0
Franco Comotti,0,0.0,0.0
Dennis Poore,0,0.0,1.5
David Murray,0,0.0,0.0
Günther Bechem,0,0.0,0.0
Fritz Riess,0,0.0,0.0
Chico Landi,0,0.0,0.25
Élie Bayol,0,0.0,0.2857142857142857
Marshall Teague,0,0.0,0.0
Mike MacDowel,0,0.0,0.0
Ottorino Volonterio,0,0.0,0.0
Alan Rees,0,0.0,0.0
Kurt Ahrens,0,0.0,0.0
Al Pease,0,0.0,0.0
Alex Soler-Roig,0,0.0,0.0
Mike Beuttler,0,0.0,0.0
Chris Craft,0,0.0,0.0
Wilson Fittipaldi,0,0.0,0.07894736842105263
George Follmer,0,0.0,0.4166666666666667
Miguel Ángel Guerra,0,0.0,0.0
Siegfried Stohr,0,0.0,0.0
Giorgio Francia,0,0.0,0.0
Lucas di Grassi,0,0.0,0.0
Karun Chandhok,0,0.0,0.0
George Abecassis,0,0.0,0.0
André Simon,0,0.0,0.0
Art Cross,0,0.0,2.0
Fred Agabashian,0,0.0,0.1875
Jimmy Reece,0,0.0,0.0
Robin Montgomerie-Charrington,0,0.0,0.0
Yves Cabantous,0,0.0,0.38461538461538464
Gino Bianco,0,0.0,0.0
Bill Aston,0,0.0,0.0
Paul Pietsch,0,0.0,0.0
Carlos Menditeguy,0,0.0,0.75
Eugenio Castellotti,0,0.0,1.1470588235294117
Eddie Russo,0,0.0,0.0
Ed Elisian,0,0.0,0.0
Don Edmunds,0,0.0,0.0
Paul England,0,0.0,0.0
Luigi Taramazzo,0,0.0,0.0
Bernie Ecclestone,0,0.0,0.0
Paul Emery,0,0.0,0.0
Tom Jones,0,0.0,0.0
George Eaton,0,0.0,0.0
Ignazio Giunti,0,0.0,0.75
Gus Hutchison,0,0.0,0.0
François Mazet,0,0.0,0.0
Marc Surer,0,0.0,0.19318181818181818
Chico Serra,0,0.0,0.03125
Jacques Villeneuve Sr.,0,0.0,0.0
Joe James,0,0.0,0.0
Andy Linden,0,0.0,0.45454545454545453
Bobby Ball,0,0.0,1.0
Philippe Étancelin,0,0.0,0.25
Peter Whitehead,0,0.0,0.3333333333333333
Hans Klenk,0,0.0,0.0
Rudolf Schoeller,0,0.0,0.0
Les Leston,0,0.0,0.0
Bob Gerard,0,0.0,0.0
Wolfgang Seidel,0,0.0,0.0
André Guelfi,0,0.0,0.0
Piers Courage,0,0.0,0.6896551724137931
Hubert Hahne,0,0.0,0.0
Jackie Oliver,0,0.0,0.2549019607843137
Andrea de Adamich,0,0.0,0.16666666666666666
Peter Westbury,0,0.0,0.0
Eliseo Salazar,0,0.0,0.08108108108108109
Beppe Gabbiani,0,0.0,0.0
Kevin Cogan,0,0.0,0.0
Emanuele Naspetti,0,0.0,0.0
Esteban Gutiérrez,0,0.0,0.1016949152542373
Brendon Hartley,0,0.0,0.16
Leslie Johnson,0,0.0,0.0
Mauri Rose,0,0.0,2.0
Cecil Green,0,0.0,1.5
Jimmy Davies,0,0.0,0.6666666666666666
Walt Brown,0,0.0,0.0
Bill Brack,0,0.0,0.0
Bobby Unser,0,0.0,0.0
Rupert Keegan,0,0.0,0.0
Geoff Lees,0,0.0,0.0
Huub Rothengatter,0,0.0,0.0
Tony Rolt,0,0.0,0.0
David Hampshire,0,0.0,0.0
Mack Hellings,0,0.0,0.0
Charles Pozzi,0,0.0,0.0
Robin Widdows,0,0.0,0.0
Tony Brise,0,0.0,0.1
Michael Bleekemolen,0,0.0,0.0
Corrado Fabi,0,0.0,0.0
Raul Boesel,0,0.0,0.0
Nicholas Latifi,0,0.0,0.14754098360655737
Logan Sargeant,0,0.0,0.027777777777777776
Joie Chitwood,0,0.0,1.0
Jerry Hoyt,0,0.0,0.0
Henri Louveau,0,0.0,0.0
Hiroshi Fushida,0,0.0,0.0
Jim Crawford,0,0.0,0.0
Lamberto Leoni,0,0.0,0.0
Kenny Acheson,0,0.0,0.0
Johnny Dumfries,0,0.0,0.1875
Yuki Tsunoda,0,0.0,0.9666666666666667
Mick Schumacher,0,0.0,0.2727272727272727
Guanyu Zhou,0,0.0,0.23529411764705882
Cuth Harrison,0,0.0,0.0
Alfredo Pián,0,0.0,0.0
Duke Dinsmore,0,0.0,0.0
Eugène Chaboud,0,0.0,0.3333333333333333
Consalvo Sanesi,0,0.0,0.6
Torsten Palm,0,0.0,0.0
Mauro Baldi,0,0.0,0.12195121951219512
Johnny Cecotto,0,0.0,0.043478260869565216
Adrián Campos,0,0.0,0.0
Geoff Crossley,0,0.0,0.0
Brian Shawe Taylor,0,0.0,0.0
Jimmy Jackson,0,0.0,0.0
Danny Sullivan,0,0.0,0.13333333333333333
Allen Berg,0,0.0,0.0
Pascal Fabre,0,0.0,0.0
Nyck de Vries,0,0.0,0.18181818181818182
Eugène Martin,0,0.0,0.0
Peter Walker,0,0.0,0.0
Walt Faulkner,0,0.0,0.2
Bayliss Levrett,0,0.0,0.0
Nello Pagani,0,0.0,0.0
Toni Branca,0,0.0,0.0
Guy Tunmer,0,0.0,0.0
Gianfranco Brancatelli,0,0.0,0.0
Patrick Gaillard,0,0.0,0.0
Manfred Winkelhock,0,0.0,0.03636363636363636
Roberto Guerrero,0,0.0,0.0
Jean-Louis Schlesser,0,0.0,0.0
Philippe Streiff,0,0.0,0.2037037037037037
Teo Fabi,0,0.0,0.323943661971831
Bill Holland,0,0.0,3.0
Myron Fohr,0,0.0,0.0
Bill Cantrell,0,0.0,0.0
Jackie Holmes,0,0.0,0.0
Pierre Levegh,0,0.0,0.0
Dorino Serafini,0,0.0,3.0
Clemente Biondetti,0,0.0,0.0
Basil van Rooyen,0,0.0,0.0
Roelof Wunderink,0,0.0,0.0
Dave Morgan,0,0.0,0.0
Carlo Franchi,0,0.0,0.0
Bobby Rahal,0,0.0,0.0
Franco Forini,0,0.0,0.0
Liam Lawson,0,0.0,0.5454545454545454
Joe Kelly,0,0.0,0.0
Joe Fry,0,0.0,0.0
Raymond Sommer,0,0.0,0.6
Walt Ader,0,0.0,0.0
Guy Mairesse,0,0.0,0.0
Jo Vonlanthen,0,0.0,0.0
Danny Ongais,0,0.0,0.0
Alberto Colombo,0,0.0,0.0
Toranosuke Takagi,0,0.0,0.0
Colin Chapman,0,0.0,0.0
Brian McGuire,0,0.0,0.0
Stephen South,0,0.0,0.0
Nicolas Kiesa,0,0.0,0.0
Bernard de Dryver,0,0.0,0.0
Mikko Kozarowitzky,0,0.0,0.0
Andy Sutcliffe,0,0.0,0.0
Hans Heyer,0,0.0,0.0
Dave Kennedy,0,0.0,0.0
Desiré Wilson,0,0.0,0.0
André Milhoux,0,0.0,0.0
Piero Scotti,0,0.0,0.0
John Cordts,0,0.0,0.0
Tiff Needell,0,0.0,0.0
Archie Scott Brown,0,0.0,0.0
Stéphane Sarrazin,0,0.0,0.0
Ralph Firman,0,0.0,0.07142857142857142
Alberto Uria,0,0.0,0.0
Óscar González,0,0.0,0.0
Hernando da Silva Ramos,0,0.0,0.25
Keith Andrews,0,0.0,0.0
Desmond Titterington,0,0.0,0.0
Kunimitsu Takahashi,0,0.0,0.0
Mike Thackwell,0,0.0,0.0
Justin Wilson,0,0.0,0.0625
Jorge Daponte,0,0.0,0.0
Len Duncan,0,0.0,0.0
Jacques Swaters,0,0.0,0.0
Leslie Marr,0,0.0,0.0
John Rhodes,0,0.0,0.0
Jean-Christophe Boullion,0,0.0,0.2727272727272727
Massimiliano Papis,0,0.0,0.0
Enrique Bernoldi,0,0.0,0.0
Max Chilton,0,0.0,0.0
André Lotterer,0,0.0,0.0
Karl Kling,0,0.0,1.4166666666666667
Bill Whitehouse,0,0.0,0.0
Clive Puzey,0,0.0,0.0
Alan Rollinson,0,0.0,0.0
Roberto Bussinello,0,0.0,0.0
Taki Inoue,0,0.0,0.0
Jérôme d'Ambrosio,0,0.0,0.0
Nikita Mazepin,0,0.0,0.0
Bill Homeier,0,0.0,0.3333333333333333
Danny Kladis,0,0.0,0.0
John Riseley-Prichard,0,0.0,0.0
Brian Gubby,0,0.0,0.0
Riccardo Paletti,0,0.0,0.0
Jan Magnussen,0,0.0,0.04
Jean-Éric Vergne,0,0.0,0.8793103448275862
Larry Crockett,0,0.0,0.0
Jacques Pollet,0,0.0,0.0
Leslie Thorne,0,0.0,0.0
Hermann Lang,0,0.0,1.0
Fred Wacker,0,0.0,0.0
Alex Blignaut,0,0.0,0.0
Bob Bondurant,0,0.0,0.3333333333333333
Charles Pic,0,0.0,0.0
Roger Loyer,0,0.0,0.0
Sergio Mantovani,0,0.0,0.4444444444444444
Giovanni de Riu,0,0.0,0.0
David Clapham,0,0.0,0.0
Giorgio Bassi,0,0.0,0.0
Tommy Byrne,0,0.0,0.0
Vincenzo Sospiri,0,0.0,0.0
Onofre Marimón,0,0.0,0.6783333333333333
Mike Nazaruk,0,0.0,2.6666666666666665
Clemar Bucci,0,0.0,0.0
Nino Vaccarella,0,0.0,0.0
Jean-Denis Délétraz,0,0.0,0.0
Alex Yoong,0,0.0,0.0
Jules Bianchi,0,0.0,0.058823529411764705
Roberto Mieres,0,0.0,0.7647058823529411
Cal Niday,0,0.0,0.0
Frank Armi,0,0.0,0.0
Rodney Nuckey,0,0.0,0.0
Don Beauman,0,0.0,0.0
Paul Hawkins,0,0.0,0.0
Ray Reed,0,0.0,0.0
Patrick Friesacher,0,0.0,0.2727272727272727
Ernie McCoy,0,0.0,0.0
Georges Berger,0,0.0,0.0
Domenico Schiattarella,0,0.0,0.0
Shinji Nakano,0,0.0,0.06060606060606061
Norberto Fontana,0,0.0,0.0
Tomáš Enge,0,0.0,0.0
Narain Karthikeyan,0,0.0,0.10416666666666667
Markus Winkelhock,0,0.0,0.0
Geoff Duke,0,0.0,0.0
Alfonso Thiele,0,0.0,0.0
Lloyd Ruby,0,0.0,0.0
Rob Schroeder,0,0.0,0.0
Mike Harris,0,0.0,0.0
Gary Hocking,0,0.0,0.0
Jack Aitken,0,0.0,0.0
Ted Whiteaway,0,0.0,0.0
Gerry Ashmore,0,0.0,0.0
Michael Andretti,0,0.0,0.5384615384615384
Peter Monteverdi,0,0.0,0.0
Peter Ryan,0,0.0,0.0
Roger Penske,0,0.0,0.0
Bruce Johnstone,0,0.0,0.0
Chris Lawrence,0,0.0,0.0
Michael May,0,0.0,0.0
Juan Manuel Bordeu,0,0.0,0.0
Massimo Natili,0,0.0,0.0
Menato Boffa,0,0.0,0.0
Heini Walter,0,0.0,0.0
Timmy Mayer,0,0.0,0.0
Vic Wilson,0,0.0,0.0
Toshio Suzuki,0,0.0,0.0
Jesús Iglesias,0,0.0,0.0
Ricardo Rodríguez,0,0.0,0.6666666666666666
Ernesto Prinoth,0,0.0,0.0
Ken Miles,0,0.0,0.0
Syd van der Vyver,0,0.0,0.0
François Hesnault,0,0.0,0.0
Marco Apicella,0,0.0,0.0
Esteban Tuero,0,0.0,0.0
Pablo Birger,0,0.0,0.0
Renato Pirocchi,0,0.0,0.0
Stefan Bellof,0,0.0,0.18181818181818182
Pietro Fittipaldi,0,0.0,0.0
Jean Lucas,0,0.0,0.0
Jackie Lewis,0,0.0,0.2727272727272727
Ben Pon,0,0.0,0.0
Rob Slotemaker,0,0.0,0.0
Heinz Schiller,0,0.0,0.0
Tony Shelly,0,0.0,0.0
Mike Sparken,0,0.0,0.0
John Fitch,0,0.0,0.0
Jay Chamberlain,0,0.0,0.0
Jean-Marc Gounon,0,0.0,0.0
Ken Richardson,0,0.0,0.0
John Barber,0,0.0,0.0
Gino Munaron,0,0.0,0.0
Wayne Weiler,0,0.0,0.0
Franck Lagorce,0,0.0,0.0
Ernst Loof,0,0.0,0.0
Chuck Daigh,0,0.0,0.0
Lance Reventlow,0,0.0,0.0
Hideki Noda,0,0.0,0.0
Allan McNish,0,0.0,0.0
Aldo Gordini,0,0.0,0.0
Adolfo Cruz,0,0.0,0.0
Ettore Chimeri,0,0.0,0.0
Jack Doohan,0,0.0,0.0
Carl Forberg,0,0.0,0.0
Johnny Mantz,0,0.0,0.0
Piero Drogo,0,0.0,0.0
Jo Gartner,0,0.0,0.0
Oliver Bearman,0,0.0,2.3333333333333335
Gene Force,0,0.0,0.0
Philip Fotheringham-Parker,0,0.0,0.0
Erwin Bauer,0,0.0,0.0
Olivier Beretta,0,0.0,0.0
Carl Scarborough,0,0.0,0.0
Juan Jover,0,0.0,0.0
Theo Fitzau,0,0.0,0.0
Albert Scherrer,0,0.0,0.0
Alberto Rodriguez Larreta,0,0.0,0.0
Roberto Bonomi,0,0.0,0.0
Jim Hurtubise,0,0.0,0.0
Arthur Owen,0,0.0,0.0
Bob Drake,0,0.0,0.0
Philippe Adams,0,0.0,0.0
Georges Grignard,0,0.0,0.0
Kurt Adolff,0,0.0,0.0
Oswald Karch,0,0.0,0.0
Fred Gamble,0,0.0,0.0
Giedo van der Garde,0,0.0,0.0
Bill Mackey,0,0.0,0.0
John James,0,0.0,0.0
Oscar Gálvez,0,0.0,2.0
Ian Stewart,0,0.0,0.0
Jimmy Stewart,0,0.0,0.0
Antonio Creus,0,0.0,0.0
Bud Tingelstad,0,0.0,0.0
Roland Ratzenberger,0,0.0,0.0
Sergey Sirotkin,0,0.0,0.047619047619047616
Franco Colapinto,0,0.0,0.5555555555555556
